{"cameraMode":{"drawMode":0,"name":"Shaded","section":"Shading Mode"},"sceneLighting":true,"audioPlay":false,"sceneViewState":{"showFog":true,"showMaterialUpdate":false,"showSkybox":true,"showFlares":true,"showImageEffects":true,"showParticleSystems":true},"in2DMode":false,"pivot":{"x":696.60693359375,"y":455.3150634765625,"z":-358.2475280761719},"rotation":{"x":0.0016383067704737187,"y":0.9963781237602234,"z":-0.019740518182516099,"w":0.08269008249044419},"size":587.3543701171875,"orthographic":false}