{"cameraMode":{"drawMode":0,"name":"Shaded","section":"Shading Mode"},"sceneLighting":false,"audioPlay":false,"sceneViewState":{"showFog":true,"showMaterialUpdate":false,"showSkybox":true,"showFlares":true,"showImageEffects":true,"showParticleSystems":true},"in2DMode":false,"pivot":{"x":0.0,"y":-0.17000000178813935,"z":0.33799999952316286},"rotation":{"x":-0.16745321452617646,"y":0.02720392681658268,"z":-0.004622712731361389,"w":-0.9854981303215027},"size":134.6069793701172,"orthographic":false}